{
  "timestamp": "2026-05-18T08:48:14.469606+00:00",
  "kg_path": "results\\knowledge_graph_full_gemma.json",
  "gt_path": "evaluation\\ground_truth.json",
  "top_k": 10,
  "components": {
    "retrieval": {
      "semantic_only": {
        "Hit@5": 0.0,
        "Hit@10": 0.0,
        "MRR": 0.0,
        "MAP@10": 0.0,
        "n_questions": 50
      },
      "lexical_only": {
        "Hit@5": 0.6,
        "Hit@10": 0.64,
        "MRR": 0.5667,
        "MAP@10": 0.2658,
        "n_questions": 50
      },
      "lexical_structural": {
        "Hit@5": 0.64,
        "Hit@10": 0.64,
        "MRR": 0.538,
        "MAP@10": 0.2597,
        "n_questions": 50
      },
      "structural_only": {
        "Hit@5": 0.2,
        "Hit@10": 0.26,
        "MRR": 0.1311,
        "MAP@10": 0.0411,
        "n_questions": 50
      },
      "hybrid_rrf": {
        "Hit@5": 0.56,
        "Hit@10": 0.66,
        "MRR": 0.4249,
        "MAP@10": 0.1698,
        "n_questions": 50
      }
    },
    "generation": {
      "faithfulness": 0.8488,
      "answer_relevance": 0.0837,
      "context_precision": 0.112,
      "context_recall": 0.3517
    },
    "latency": {
      "retrieval_s": {
        "mean": 0.2563650350057287,
        "std": 0.01140232608635857,
        "min": 0.2419155000243336,
        "max": 0.2848762000212446
      },
      "context_format_s": {
        "mean": 0.0009669049963122234,
        "std": 0.00022994401645516166,
        "min": 0.0006745000137016177,
        "max": 0.0017946999869309366
      },
      "generation_s": {
        "mean": 4.880998749285936e-05,
        "std": 1.1042878961443197e-05,
        "min": 2.8999987989664078e-05,
        "max": 7.760000880807638e-05
      },
      "total_s": {
        "mean": 0.2573807499895338,
        "std": 0.01149756266363287,
        "min": 0.24287179997190833,
        "max": 0.2867485000169836
      }
    },
    "dedup_ablation": {
      "best": {
        "alpha": 0.4,
        "threshold": 0.85,
        "precision": 1.0,
        "recall": 0.125,
        "f1": 0.2222,
        "true_positive": 1,
        "false_positive": 0,
        "false_negative": 7,
        "true_negative": 8,
        "n_pairs": 16
      },
      "apply_graph_dedup": false
    }
  },
  "total_elapsed_s": 62.3363
}